{
  "accuracy": [
    0.4790000021457672,
    0.6393749713897705,
    0.7137500047683716,
    0.7627500295639038,
    0.800125002861023,
    0.8401250243186951,
    0.8665000200271606,
    0.8856250047683716,
    0.9100000262260437
  ],
  "loss": [
    1.818782091140747,
    1.0445328950881958,
    0.8349806070327759,
    0.6789376735687256,
    0.5588284134864807,
    0.4565590023994446,
    0.3806191384792328,
    0.3231907784938812,
    0.2598651349544525
  ],
  "val_accuracy": [
    0.5799999833106995,
    0.5964999794960022,
    0.6075000166893005,
    0.6259999871253967,
    0.6165000200271606,
    0.6359999775886536,
    0.6290000081062317,
    0.6129999756813049,
    0.6200000047683716
  ],
  "val_loss": [
    1.1935174465179443,
    1.1533136367797852,
    1.1719348430633545,
    1.210828423500061,
    1.2646551132202148,
    1.278306007385254,
    1.368755578994751,
    1.385260820388794,
    1.535784125328064
  ]
}