{
  "accuracy": [
    0.3231250047683716,
    0.4153749942779541,
    0.47975000739097595,
    0.5271250009536743
  ],
  "loss": [
    2.3911168575286865,
    1.8719439506530762,
    1.583424687385559,
    1.3821920156478882
  ],
  "val_accuracy": [
    0.4659999907016754,
    0.42500001192092896,
    0.43299999833106995,
    0.44699999690055847
  ],
  "val_loss": [
    1.6979798078536987,
    1.8231768608093262,
    1.8216899633407593,
    1.7879900932312012
  ]
}