{
  "accuracy": [
    0.8477500081062317,
    0.8736249804496765
  ],
  "loss": [
    0.4465857446193695,
    0.3786376416683197
  ],
  "val_accuracy": [
    0.6430000066757202,
    0.6455000042915344
  ],
  "val_loss": [
    1.1883913278579712,
    1.2102590799331665
  ]
}